{"cameraMode":{"drawMode":0,"name":"Shaded","section":"Shading Mode"},"sceneLighting":true,"audioPlay":false,"sceneViewState":{"showFog":true,"showMaterialUpdate":true,"showSkybox":false,"showFlares":true,"showImageEffects":true,"showParticleSystems":true},"in2DMode":false,"pivot":{"x":23.73895835876465,"y":2.2014758586883547,"z":9.083653450012207},"rotation":{"x":0.002753786975517869,"y":-0.908991277217865,"z":-0.006003303918987513,"w":-0.41676288843154909},"size":7.169049263000488,"orthographic":false}