{"cameraMode":{"drawMode":0,"name":"Shaded","section":"Shading Mode"},"sceneLighting":true,"audioPlay":false,"sceneViewState":{"showFog":true,"showMaterialUpdate":true,"showSkybox":false,"showFlares":true,"showImageEffects":true,"showParticleSystems":true},"in2DMode":false,"pivot":{"x":22.049999237060548,"y":2.619999885559082,"z":13.619999885559082},"rotation":{"x":-0.018516141921281816,"y":-0.8753058910369873,"z":0.033624570816755298,"w":-0.48204362392425539},"size":0.2991351783275604,"orthographic":false}