{"cameraMode":{"drawMode":0,"name":"Shaded","section":"Shading Mode"},"sceneLighting":false,"audioPlay":false,"sceneViewState":{"showFog":true,"showMaterialUpdate":true,"showSkybox":false,"showFlares":true,"showImageEffects":true,"showParticleSystems":true},"in2DMode":false,"pivot":{"x":49.932594299316409,"y":-5.474976539611816,"z":-42.911991119384769},"rotation":{"x":0.12486308068037033,"y":0.859989583492279,"z":-0.25226283073425295,"w":0.4256649315357208},"size":29.684141159057618,"orthographic":false}