{"cameraMode":{"drawMode":0,"name":"Shaded","section":"Shading Mode"},"sceneLighting":true,"audioPlay":false,"sceneViewState":{"showFog":true,"showMaterialUpdate":true,"showSkybox":false,"showFlares":true,"showImageEffects":true,"showParticleSystems":true},"in2DMode":false,"pivot":{"x":-4.2421875,"y":0.02685546875,"z":15.258773803710938},"rotation":{"x":0.033896394073963168,"y":0.71175616979599,"z":-0.03442690521478653,"w":0.7007632255554199},"size":8.931051254272461,"orthographic":true}