{"cameraMode":{"drawMode":0,"name":"Shaded","section":"Shading Mode"},"sceneLighting":true,"audioPlay":false,"sceneViewState":{"showFog":true,"showMaterialUpdate":true,"showSkybox":false,"showFlares":true,"showImageEffects":true,"showParticleSystems":true},"in2DMode":false,"pivot":{"x":196.59051513671876,"y":-186.36181640625,"z":-90.62669372558594},"rotation":{"x":0.19080424308776856,"y":0.7842609286308289,"z":-0.2914714515209198,"w":0.5133936405181885},"size":377.7674255371094,"orthographic":false}