{"cameraMode":{"drawMode":0,"name":"Shaded","section":"Shading Mode"},"sceneLighting":false,"audioPlay":false,"sceneViewState":{"showFog":true,"showMaterialUpdate":true,"showSkybox":false,"showFlares":true,"showImageEffects":true,"showParticleSystems":true},"in2DMode":false,"pivot":{"x":-0.14091873168945313,"y":-2.511733055114746,"z":-6.946361064910889},"rotation":{"x":-0.1125837191939354,"y":-0.8847635388374329,"z":0.2812974154949188,"w":-0.3541048765182495},"size":25.693944931030275,"orthographic":false}