{"cameraMode":{"drawMode":0,"name":"Shaded","section":"Shading Mode"},"sceneLighting":false,"audioPlay":false,"sceneViewState":{"showFog":true,"showMaterialUpdate":true,"showSkybox":false,"showFlares":true,"showImageEffects":true,"showParticleSystems":true},"in2DMode":false,"pivot":{"x":36.31793975830078,"y":-10.89454174041748,"z":-3.4347000122070314},"rotation":{"x":0.07359655946493149,"y":0.7003294229507446,"z":-0.0729760006070137,"w":0.7062554955482483},"size":74.89157104492188,"orthographic":false}