{"cameraMode":{"drawMode":0,"name":"Shaded","section":"Shading Mode"},"sceneLighting":true,"audioPlay":false,"sceneViewState":{"showFog":true,"showMaterialUpdate":false,"showSkybox":true,"showFlares":true,"showImageEffects":true,"showParticleSystems":true},"in2DMode":false,"pivot":{"x":-14.53278923034668,"y":6.349181652069092,"z":6.36868953704834},"rotation":{"x":0.10858479887247086,"y":0.44088974595069888,"z":0.05383104458451271,"w":-0.8893412351608276},"size":24.08818244934082,"orthographic":false}