{"cameraMode":{"drawMode":0,"name":"Shaded","section":"Shading Mode"},"sceneLighting":false,"audioPlay":false,"sceneViewState":{"showFog":true,"showMaterialUpdate":false,"showSkybox":true,"showFlares":true,"showImageEffects":true,"showParticleSystems":true},"in2DMode":false,"pivot":{"x":0.010180473327636719,"y":0.20045822858810426,"z":0.43712472915649416},"rotation":{"x":0.13971348106861115,"y":-0.5062913298606873,"z":0.08352622389793396,"w":0.8468605279922485},"size":8.328948020935059,"orthographic":false}