{"cameraMode":{"drawMode":0,"name":"Shaded","section":"Shading Mode"},"sceneLighting":false,"audioPlay":false,"sceneViewState":{"showFog":true,"showMaterialUpdate":false,"showSkybox":true,"showFlares":true,"showImageEffects":true,"showParticleSystems":true},"in2DMode":false,"pivot":{"x":-2368.663818359375,"y":-31.22138023376465,"z":-6.627281188964844},"rotation":{"x":0.03600505366921425,"y":0.12766598165035249,"z":-0.004637215286493301,"w":0.9911526441574097},"size":10422.0234375,"orthographic":false}