{"cameraMode":{"drawMode":0,"name":"Shaded","section":"Shading Mode"},"sceneLighting":true,"audioPlay":false,"sceneViewState":{"showFog":true,"showMaterialUpdate":false,"showSkybox":true,"showFlares":true,"showImageEffects":true,"showParticleSystems":true},"in2DMode":false,"pivot":{"x":-0.7469505667686462,"y":1.1103322505950928,"z":-5.297406196594238},"rotation":{"x":0.06238684803247452,"y":0.16599026322364808,"z":-0.010522554628551007,"w":0.9840957522392273},"size":0.3395646810531616,"orthographic":false}