{"cameraMode":{"drawMode":0,"name":"Shaded","section":"Shading Mode"},"sceneLighting":false,"audioPlay":false,"sceneViewState":{"showFog":true,"showMaterialUpdate":false,"showSkybox":true,"showFlares":true,"showImageEffects":true,"showParticleSystems":true},"in2DMode":false,"pivot":{"x":0.0,"y":40.916954040527347,"z":-30.032928466796876},"rotation":{"x":-0.04640888050198555,"y":0.9489279985427856,"z":-0.26355499029159548,"w":-0.16709472239017487},"size":561.9475708007813,"orthographic":false}