{"cameraMode":{"drawMode":0,"name":"Shaded","section":"Shading Mode"},"sceneLighting":true,"audioPlay":false,"sceneViewState":{"showFog":true,"showMaterialUpdate":false,"showSkybox":true,"showFlares":true,"showImageEffects":true,"showParticleSystems":true},"in2DMode":false,"pivot":{"x":-34.7259635925293,"y":-25.717748641967775,"z":-142.28533935546876},"rotation":{"x":0.014519118703901768,"y":-0.9812769293785095,"z":0.08204767853021622,"w":0.17364618182182313},"size":173.08425903320313,"orthographic":false}