{"cameraMode":{"drawMode":0,"name":"Shaded","section":"Shading Mode"},"sceneLighting":true,"audioPlay":false,"sceneViewState":{"showFog":true,"showMaterialUpdate":false,"showSkybox":true,"showFlares":true,"showImageEffects":true,"showParticleSystems":true},"in2DMode":false,"pivot":{"x":5.243685245513916,"y":-1.879183053970337,"z":18.577865600585939},"rotation":{"x":0.07296410948038101,"y":0.11311635375022888,"z":-0.008329957723617554,"w":0.9908640384674072},"size":22.0,"orthographic":false}