{"cameraMode":{"drawMode":0,"name":"Shaded","section":"Shading Mode"},"sceneLighting":true,"audioPlay":false,"sceneViewState":{"showFog":true,"showMaterialUpdate":false,"showSkybox":true,"showFlares":true,"showImageEffects":true,"showParticleSystems":true},"in2DMode":false,"pivot":{"x":22.049999237060548,"y":1.619999885559082,"z":12.869999885559082},"rotation":{"x":-0.14785625040531159,"y":0.7767142057418823,"z":-0.1982545405626297,"w":-0.5792657136917114},"size":6.200139045715332,"orthographic":false}