{"cameraMode":{"drawMode":0,"name":"Shaded","section":"Shading Mode"},"sceneLighting":true,"audioPlay":false,"sceneViewState":{"showFog":true,"showMaterialUpdate":false,"showSkybox":true,"showFlares":true,"showImageEffects":true,"showParticleSystems":true},"in2DMode":false,"pivot":{"x":71.67021179199219,"y":-5.762535095214844,"z":10.725822448730469},"rotation":{"x":0.04072943329811096,"y":0.7418317794799805,"z":-0.0452415756881237,"w":0.6678173542022705},"size":70.02301788330078,"orthographic":false}