{"cameraMode":{"drawMode":0,"name":"Shaded","section":"Shading Mode"},"sceneLighting":false,"audioPlay":false,"sceneViewState":{"showFog":true,"showMaterialUpdate":false,"showSkybox":true,"showFlares":true,"showImageEffects":true,"showParticleSystems":true},"in2DMode":false,"pivot":{"x":4.268191814422607,"y":9.867829322814942,"z":13.925836563110352},"rotation":{"x":0.08783061057329178,"y":-0.1953354775905609,"z":-0.01756705343723297,"w":-0.9766377806663513},"size":19.161645889282228,"orthographic":false}