{"cameraMode":{"drawMode":0,"name":"Shaded","section":"Shading Mode"},"sceneLighting":true,"audioPlay":false,"sceneViewState":{"showFog":true,"showMaterialUpdate":false,"showSkybox":true,"showFlares":true,"showImageEffects":true,"showParticleSystems":true},"in2DMode":false,"pivot":{"x":-0.028369899839162828,"y":-0.4922308623790741,"z":-12.179264068603516},"rotation":{"x":-0.017670242115855218,"y":0.04557837173342705,"z":0.0008071003830991685,"w":0.9988041520118713},"size":1.2297000885009766,"orthographic":false}